,City,Lat,Lng,Max Temp,Humidity,Cloudiness,Wind Speed,Country,Date
0,Cape Town,-33.9258,18.4232,58.37,74,75,6.91,ZA,1661489371
1,Bambous Virieux,-20.3428,57.7575,72.21,83,75,11.5,MU,1661489483
2,Jamestown,42.097,-79.2353,69.44,88,75,0.0,US,1661489484
3,Saint-Philippe,-21.3585,55.7679,72.99,70,32,11.72,RE,1661489484
4,Bocas del Toro,9.3333,-82.25,80.69,79,100,2.53,PA,1661489484
5,Ilulissat,69.2167,-51.1,37.98,90,100,2.64,GL,1661489485
6,Saint Anthony,45.0205,-93.218,67.21,86,0,0.0,US,1661489485
7,Tuktoyaktuk,69.4541,-133.0374,51.8,100,100,6.91,CA,1661489486
8,Punta Arenas,-53.15,-70.9167,33.91,93,75,11.5,CL,1661489486
9,Esperance,-33.8667,121.9,67.96,46,12,10.36,AU,1661489486
10,East London,-33.0153,27.9116,58.14,67,0,6.91,ZA,1661489487
11,Nikolskoye,59.7035,30.7861,65.88,84,12,2.53,RU,1661489487
12,Port Alfred,-33.5906,26.891,54.18,84,67,1.01,ZA,1661489488
13,Ushuaia,-54.8,-68.3,37.06,70,20,10.36,AR,1661489488
14,Camacha,33.0833,-16.3333,67.42,83,40,8.05,PT,1661489488
15,Pacific Grove,36.6177,-121.9166,62.28,93,100,4.0,US,1661489488
16,Hong Kong,22.2855,114.1577,90.03,82,95,11.99,HK,1661489489
17,Ḩasanābād,36.5465,61.0543,81.23,14,0,10.92,IR,1661489489
18,Busselton,-33.65,115.3333,65.08,54,7,6.98,AU,1661489490
19,Port Elizabeth,-33.918,25.5701,53.89,85,0,2.3,ZA,1661489321
20,Newport,51.5877,-2.9984,57.31,83,84,2.3,GB,1661489273
21,La Plata,-34.9215,-57.9545,61.83,85,35,4.0,AR,1661489404
22,Bredasdorp,-34.5322,20.0403,42.12,81,1,4.61,ZA,1661489491
23,Wakkanai,45.4094,141.6739,73.38,73,75,19.57,JP,1661489491
24,New Norfolk,-42.7826,147.0587,60.89,73,1,1.01,AU,1661489492
25,Whitianga,-36.8333,175.7,59.4,88,54,13.96,NZ,1661489492
26,Neuquén,-38.9516,-68.0591,37.29,65,0,2.3,AR,1661489492
27,Tilichiki,60.4667,166.1,52.92,75,99,14.63,RU,1661489493
28,Chekhov,55.1431,37.4711,67.95,48,2,3.44,RU,1661489493
29,Arraial do Cabo,-22.9661,-42.0278,68.59,91,13,18.68,BR,1661489493
30,Bluff,-46.6,168.3333,53.8,72,0,1.88,NZ,1661489494
31,Matagami,49.7502,-77.6328,48.31,93,100,2.3,CA,1661489494
32,Bengkulu,-3.8004,102.2655,82.08,72,98,5.53,ID,1661489495
33,Mar del Plata,-38.0023,-57.5575,48.22,92,0,8.01,AR,1661489495
34,Sitka,57.0531,-135.33,60.69,77,100,12.66,US,1661489476
35,Evensk,61.95,159.2333,60.8,58,51,10.33,RU,1661489496
36,Rikitea,-23.1203,-134.9692,67.53,57,85,22.66,PF,1661489496
37,Atasū,48.6814,71.6433,71.46,32,0,6.29,KZ,1661489496
38,Avarua,-21.2078,-159.775,73.45,73,40,9.22,CK,1661489497
39,Jizan,17.3333,42.6667,86.94,64,68,3.47,SA,1661489497
40,Atuona,-9.8,-139.0333,76.73,72,8,16.35,PF,1661489498
41,Welkom,-27.9864,26.7066,52.34,39,0,5.32,ZA,1661489498
42,Kemijärvi,66.7131,27.4306,55.54,73,94,7.16,FI,1661489498
43,Airai,-8.9266,125.4092,73.17,48,47,3.49,TL,1661489499
44,Cidreira,-30.1811,-50.2056,60.93,91,7,7.65,BR,1661489499
45,Ixtapa,20.7,-105.2,83.43,84,75,3.0,MX,1661489330
46,Naze,28.3667,129.4833,81.52,76,98,8.14,JP,1661489500
47,Atar,20.5169,-13.0499,88.52,53,89,7.67,MR,1661489500
48,San Patricio,28.017,-97.5169,81.9,82,5,4.34,US,1661489500
49,Wagar,16.1525,36.2032,78.58,73,58,16.89,SD,1661489501
50,Safaga,26.7292,33.9365,86.59,54,0,14.83,EG,1661489501
51,Morant Bay,17.8815,-76.4093,82.02,82,78,6.11,JM,1661489502
52,Kapaa,22.0752,-159.319,74.1,86,100,12.66,US,1661489211
53,Ishigaki,24.3448,124.1572,93.33,66,40,8.05,JP,1661489502
54,Nicoya,10.1483,-85.452,75.11,91,98,2.66,CR,1661489503
55,Souillac,-20.5167,57.5167,68.38,83,75,11.5,MU,1661489503
56,Hamada,34.8833,132.0833,81.32,67,100,8.21,JP,1661489503
57,Abu Kamal,34.4506,40.9171,85.46,31,0,13.47,SY,1661489504
58,Sumkino,58.1108,68.3244,68.83,48,55,8.41,RU,1661489504
59,Nouakchott,18.0858,-15.9785,76.93,90,77,11.9,MR,1661489505
60,Colac,-38.3333,143.5833,52.18,71,99,2.62,AU,1661489505
61,Butaritari,3.0707,172.7902,81.73,75,94,8.81,KI,1661489505
62,Cabo San Lucas,22.8909,-109.9124,86.5,70,48,1.99,MX,1661489382
63,Pisco,-13.7,-76.2167,59.05,88,100,3.44,PE,1661489506
64,Fayaoué,-20.65,166.5333,76.06,75,5,16.6,NC,1661489506
65,Puerto Ayora,-0.7393,-90.3518,66.54,93,95,3.0,EC,1661489507
66,Campoverde,-8.4753,-74.8058,72.32,57,2,1.48,PE,1661489507
67,Krasnosel'kup,65.7,82.4667,46.35,55,100,7.2,RU,1661489507
68,Pevek,69.7008,170.3133,34.66,95,100,4.54,RU,1661489508
69,Vaini,-21.2,-175.2,78.96,83,20,9.22,TO,1661489508
70,Lavrentiya,65.5833,-171.0,40.78,99,100,2.53,RU,1661489509
71,Ersekë,40.3378,20.6789,61.09,80,49,4.16,AL,1661489509
72,Great Falls,47.5002,-111.3008,67.41,80,0,10.36,US,1661489438
73,Amapá,1.0,-52.0,69.94,99,79,1.99,BR,1661489510
74,Cherskiy,68.75,161.3,42.89,74,100,16.46,RU,1661489510
75,Conceição da Barra,-18.5933,-39.7322,66.74,86,11,1.41,BR,1661489510
76,Batemans Bay,-35.7167,150.1833,62.1,63,17,8.72,AU,1661489267
77,Kahului,20.8947,-156.47,84.22,72,20,17.27,US,1661489482
78,Inhambane,-23.865,35.3833,66.18,94,20,0.0,MZ,1661489511
79,Erzin,36.9559,36.2,78.39,69,0,2.62,TR,1661489511
80,Nome,64.5011,-165.4064,50.07,93,100,14.97,US,1661489512
81,Raudeberg,61.9875,5.1352,54.27,93,100,8.59,NO,1661489512
82,Hithadhoo,-0.6,73.0833,78.46,80,100,9.66,MV,1661489513
83,Tasiilaq,65.6145,-37.6368,32.56,75,57,3.51,GL,1661489513
84,Longyearbyen,78.2186,15.6401,37.24,75,20,8.05,SJ,1661489513
85,Gobabis,-22.45,18.9667,51.67,34,0,5.32,NA,1661489514
86,Carnarvon,-24.8667,113.6333,71.67,43,0,11.56,AU,1661489514
87,Husavik,66.0449,-17.3389,42.62,96,100,15.88,IS,1661489514
88,Huai'an,33.5886,119.0192,79.21,68,85,4.36,CN,1661489515
89,Yellowknife,62.456,-114.3525,68.56,68,75,9.22,CA,1661489515
90,Lompoc,34.6391,-120.4579,65.79,93,100,5.75,US,1661489516
91,Hobart,-42.8794,147.3294,60.22,70,20,12.66,AU,1661489231
92,Thoen,17.6129,99.2161,79.93,87,100,3.53,TH,1661489516
93,Mount Isa,-20.7333,139.5,78.57,12,0,8.05,AU,1661489517
94,Port Hedland,-20.3167,118.5667,80.65,17,82,13.8,AU,1661489517
95,Port Lincoln,-34.7333,135.8667,55.2,73,100,6.4,AU,1661489517
96,Gizo Government Station,-8.103,156.8419,82.42,72,50,5.26,SB,1661489518
97,Honningsvåg,70.9821,25.9704,56.95,72,40,10.36,NO,1661489518
98,Albany,42.6001,-73.9662,68.05,89,55,2.44,US,1661489519
99,Nisibis,37.0778,41.2178,88.34,20,0,7.9,TR,1661489519
100,Qaanaaq,77.484,-69.3632,33.94,60,17,6.87,GL,1661489246
101,Hilo,19.7297,-155.09,80.33,81,40,5.75,US,1661489520
102,Balabac,7.9868,117.0645,85.59,65,89,8.32,PH,1661489520
103,Samarai,-10.6167,150.6667,80.29,83,91,12.55,PG,1661489521
104,Iqaluit,63.7506,-68.5145,38.93,93,100,3.44,CA,1661489521
105,Tual,-5.6667,132.75,78.62,86,29,21.77,ID,1661489522
106,Nandurbar,21.3667,74.25,82.76,67,9,11.34,IN,1661489522
107,Dikson,73.5069,80.5464,40.53,85,95,4.41,RU,1661489522
108,Havre-St-Pierre,50.2334,-63.5986,57.2,76,20,6.91,CA,1661489523
109,Rome,43.2128,-75.4557,68.72,91,100,0.0,US,1661489523
110,Soe,-9.8607,124.284,79.95,42,25,10.18,ID,1661489524
111,Severo-Kuril'sk,50.6789,156.125,58.08,75,99,3.51,RU,1661489524
112,Mataura,-46.1927,168.8643,53.47,65,0,0.96,NZ,1661489524
113,Bosaso,11.2842,49.1816,91.38,40,0,23.02,SO,1661489525
114,Jūybār,36.6412,52.9124,75.36,35,0,4.07,IR,1661489525
115,Zhigalovo,54.8097,105.1578,61.34,66,99,7.61,RU,1661489526
116,Hamilton,39.1834,-84.5333,72.77,84,0,5.75,US,1661489464
117,Dunedin,-45.8742,170.5036,49.6,70,0,2.71,NZ,1661489526
118,Philadelphia,39.9523,-75.1638,79.05,78,75,6.91,US,1661489234
119,Faanui,-16.4833,-151.75,75.74,78,76,13.04,PF,1661489527
120,Grindavik,63.8424,-22.4338,44.55,87,0,10.36,IS,1661489527
121,Zilair,52.2332,57.4392,72.84,48,91,1.59,RU,1661489527
122,Morón,-34.6534,-58.6198,62.96,97,31,3.02,AR,1661489528
123,Burnie,-41.0667,145.9167,55.94,73,4,2.66,AU,1661489528
124,Hermanus,-34.4187,19.2345,40.8,70,25,10.0,ZA,1661489529
125,Geraldton,-28.7667,114.6,70.21,64,40,10.36,AU,1661489529
126,Tuatapere,-46.1333,167.6833,51.6,76,0,4.14,NZ,1661489529
127,Upernavik,72.7868,-56.1549,40.44,87,96,8.59,GL,1661489530
128,Zhuhai,22.2769,113.5678,89.31,79,40,12.66,CN,1661489530
129,Clyde River,70.4692,-68.5914,35.83,100,100,6.91,CA,1661489531
130,Hasaki,35.7333,140.8333,82.8,77,43,13.35,JP,1661489531
131,Mt. Pleasant,32.7941,-79.8626,76.98,98,75,0.0,US,1661489531
132,Mariental,-24.6333,17.9667,52.0,51,0,4.0,NA,1661489532
133,Kruisfontein,-34.0033,24.7314,50.88,66,38,3.69,ZA,1661489532
134,Khryashchevka,53.8119,49.0916,71.4,53,67,4.45,RU,1661489533
135,Ostrov,57.3439,28.3537,60.53,94,52,4.61,RU,1661489533
136,Marsh Harbour,26.5412,-77.0636,83.55,71,5,7.23,BS,1661489289
137,Lebu,-37.6167,-73.65,45.93,87,93,16.06,CL,1661489291
138,Pochutla,15.7432,-96.4661,73.81,93,100,4.34,MX,1661489534
139,San Jerónimo,-11.9472,-75.2829,47.59,75,3,0.47,PE,1661489534
140,Maniitsoq,65.4167,-52.9,40.51,87,100,7.0,GL,1661489535
141,Aklavik,68.2191,-135.0107,52.47,87,61,1.83,CA,1661489535
142,Springville,40.1652,-111.6107,75.51,42,0,12.66,US,1661489536
143,Hirara,24.8,125.2833,91.67,62,40,9.22,JP,1661489536
144,Altay,47.8667,88.1167,76.68,19,99,10.78,CN,1661489536
145,Andenes,69.3143,16.1194,56.93,94,0,3.44,NO,1661489537
146,Chapais,49.7834,-74.8492,47.98,74,99,0.54,CA,1661489265
147,Bereket,39.2446,55.5154,81.5,16,0,13.58,TM,1661489537
148,Port-Gentil,-0.7193,8.7815,74.93,83,56,11.16,GA,1661489538
149,Thompson,55.7435,-97.8558,48.36,100,0,0.0,CA,1661489538
150,Brae,60.3964,-1.353,53.31,90,8,12.46,GB,1661489539
151,Noumea,-22.2763,166.4572,73.99,99,64,16.49,NC,1661489475
152,Traverse City,44.7631,-85.6206,67.84,98,94,6.44,US,1661489397
153,Barcelos,41.5388,-8.6151,68.85,84,39,2.89,PT,1661489540
154,Santa Marta,11.2408,-74.199,80.65,83,75,2.3,CO,1661489415
155,Cao Bang,22.6667,106.25,75.11,98,100,2.37,VN,1661489513
156,Baoro,5.6667,15.9667,65.89,99,100,3.67,CF,1661489540
157,Chokurdakh,70.6333,147.9167,50.88,46,78,5.73,RU,1661489541
158,Mitchell,43.7094,-98.0298,65.1,87,0,4.61,US,1661489377
159,Faya,18.3851,42.4509,68.52,41,95,4.54,SA,1661489542
160,Ignacio Zaragoza,28.3833,-107.2167,62.08,91,98,7.11,MX,1661489542
161,São Filipe,14.8961,-24.4956,78.21,81,95,2.26,CV,1661489542
162,Zalegoshch',52.9008,36.8869,71.69,43,89,7.09,RU,1661489543
163,Vila Franca do Campo,37.7167,-25.4333,72.19,89,49,5.97,PT,1661489543
164,Turek,52.0155,18.5005,65.61,47,2,7.29,PL,1661489544
165,Middlebury (village),44.0153,-73.1673,64.67,90,0,0.0,US,1661489544
166,Bubaque,11.2833,-15.8333,78.67,81,100,15.3,GW,1661489544
167,Kavieng,-2.5744,150.7967,84.42,69,36,11.07,PG,1661489545
168,Ribeira Grande,38.5167,-28.7,73.18,75,43,7.67,PT,1661489545
169,Hof,50.3167,11.9167,61.83,91,89,0.0,DE,1661489545
170,Yar-Sale,66.8333,70.8333,43.92,87,100,13.35,RU,1661489546
171,Waingapu,-9.6567,120.2641,83.26,56,91,17.43,ID,1661489546
172,Kupang,-10.1667,123.5833,90.18,40,20,16.11,ID,1661489547
173,Khatanga,71.9667,102.5,39.74,88,100,15.35,RU,1661489547
174,Chui,-33.6971,-53.4616,59.13,96,100,4.21,UY,1661489547
175,Tooele,40.5308,-112.2983,76.3,31,0,10.36,US,1661489455
176,Bethel,41.3712,-73.414,75.54,75,0,0.0,US,1661489548
177,Itarema,-2.9248,-39.9167,76.98,76,67,17.02,BR,1661489548
178,Rongcheng,30.634,117.8517,93.02,56,100,4.88,CN,1661489549
179,Mahébourg,-20.4081,57.7,72.25,83,75,11.5,MU,1661489549
180,Roald,62.5833,6.1333,62.17,94,75,4.61,NO,1661489550
181,Ponta do Sol,32.6667,-17.1,72.23,72,14,4.47,PT,1661489550
182,Saint Paul Harbor,57.79,-152.4072,60.31,63,100,12.66,US,1661489550
183,Vila Velha,-20.3297,-40.2925,67.95,96,20,0.0,BR,1661489551
184,Ossora,59.2353,163.0719,58.39,68,100,9.91,RU,1661489551
185,Deer Lake,49.1667,-57.4316,64.26,88,75,3.44,CA,1661489552
186,Dingalan,15.3897,121.3929,87.04,66,36,3.71,PH,1661489552
187,Bolshoye Nagatkino,54.5196,47.9679,74.8,39,26,1.03,RU,1661489552
188,Flinders,-34.5833,150.8552,62.06,70,73,12.73,AU,1661489553
189,Hohhot,40.8106,111.6522,64.69,36,0,8.95,CN,1661489509
190,Adrar,20.5022,-10.0711,89.31,45,18,7.76,MR,1661489553
191,Fort Nelson,58.8053,-122.7002,74.79,50,75,5.75,CA,1661489554
192,Kirakira,-10.4544,161.9205,80.8,80,99,13.56,SB,1661489554
193,Shingū,33.7333,135.9833,83.86,74,100,4.07,JP,1661489555
194,Saldanha,-33.0117,17.9442,44.65,53,96,4.32,ZA,1661489555
195,Kapit,2.0167,112.9333,83.66,82,93,0.76,MY,1661489556
196,Requena,39.4883,-1.1004,64.53,77,7,2.37,ES,1661489556
197,Isangel,-19.55,169.2667,77.38,69,5,13.09,VU,1661489556
198,Pilar,-9.5972,-35.9567,69.73,90,99,2.24,BR,1661489557
199,Acajutla,13.5928,-89.8275,78.48,84,81,5.37,SV,1661489557
200,Lorengau,-2.0226,147.2712,83.46,72,26,9.8,PG,1661489557
201,Constitución,-35.3333,-72.4167,48.02,67,63,5.88,CL,1661489558
202,Aksarka,66.5606,67.7975,48.61,64,97,14.63,RU,1661489558
203,Vestmanna,62.1564,-7.1664,50.92,93,100,8.05,FO,1661489559
204,Oodweyne,9.4092,45.064,72.28,54,1,22.21,SO,1661489559
205,Balasore,21.4942,86.9317,90.68,60,23,3.04,IN,1661489560
206,Nyurba,63.2842,118.3319,54.09,87,100,9.35,RU,1661489560
207,Caravelas,-17.7125,-39.2481,68.54,87,7,3.76,BR,1661489560
208,Santiago,-33.4569,-70.6483,63.99,54,3,0.0,CL,1661489400
209,Dakar,14.6937,-17.4441,79.68,77,96,12.55,SN,1661489561
210,Dzaoudzi,-12.7887,45.2699,75.09,83,0,4.61,YT,1661489561
211,Punta de Piedra,7.6176,-71.4916,72.82,90,42,1.88,VE,1661489562
212,Te Anau,-45.4167,167.7167,49.77,72,14,1.57,NZ,1661489408
213,Koppies,-27.2418,27.5742,52.03,38,0,1.57,ZA,1661489562
214,Bariloche,-41.1456,-71.3082,38.95,70,20,19.57,AR,1661489563
215,Don Sak,9.3168,99.6918,85.89,65,100,5.99,TH,1661489563
216,Khasan,42.4308,130.6434,74.61,44,0,4.45,RU,1661489563
217,Yulara,-25.2406,130.9889,66.36,18,90,8.99,AU,1661489564
218,Morococha,-11.5997,-76.1411,34.65,75,0,3.31,PE,1661489564
219,Cachoeira do Sul,-30.0392,-52.8939,61.29,92,25,3.0,BR,1661489565
220,Marietta,33.9526,-84.5499,73.08,94,0,3.0,US,1661489490
221,Karratha,-20.7377,116.8463,78.6,19,65,15.5,AU,1661489565
222,Quatre Cocos,-20.2078,57.7625,72.09,64,23,16.53,MU,1661489565
223,Saint Paul,44.9444,-93.0933,67.84,84,40,0.0,US,1661489378
224,Morris,40.8334,-74.5329,76.24,75,0,0.0,US,1661489446
225,Hailar,49.2,119.7,61.52,47,99,13.35,CN,1661489566
226,Ampanihy,-24.7,44.75,70.56,46,0,9.69,MG,1661489567
227,Castro,-24.7911,-50.0119,53.31,92,3,2.59,BR,1661489567
228,Mariel,22.9875,-82.7536,77.25,77,45,3.11,CU,1661489567
229,Manicoré,-5.8092,-61.3003,76.95,88,0,1.14,BR,1661489568
230,Apiaí,-24.5094,-48.8425,54.54,97,75,1.61,BR,1661489468
231,Saint George,37.1041,-113.5841,88.39,33,40,9.22,US,1661489568
232,Tonj,7.2737,28.6822,70.41,94,96,2.35,SS,1661489569
233,Poronaysk,49.2167,143.1167,66.18,77,1,16.6,RU,1661489569
234,Tonota,-21.4833,27.4833,55.02,39,0,5.93,BW,1661489569
235,Saint-Joseph,-21.3667,55.6167,71.98,66,14,11.03,RE,1661489570
236,Klaksvík,62.2266,-6.589,52.72,92,93,27.72,FO,1661489570
237,Nantucket,41.2835,-70.0995,73.51,98,100,0.0,US,1661489428
238,Troy,42.6056,-83.1499,73.33,88,100,0.0,US,1661489565
239,Arrondissement du Havre,49.5833,0.3333,64.17,88,100,10.36,FR,1661489571
240,College,64.8569,-147.8028,66.18,61,75,4.61,US,1661489571
241,Plettenberg Bay,-34.0527,23.3716,51.73,69,7,4.72,ZA,1661489572
242,Tomatlán,19.9333,-105.25,77.49,95,100,2.17,MX,1661489572
243,Blacklick Estates,39.9051,-82.8643,72.82,87,75,3.44,US,1661489573
244,Matara,5.9485,80.5353,82.33,76,100,14.45,LK,1661489573
245,Barrow,71.2906,-156.7887,50.02,81,20,11.5,US,1661489573
246,Talcahuano,-36.7167,-73.1167,42.48,100,0,3.44,CL,1661489574
247,Saint-Augustin,51.226,-58.6502,53.38,85,88,7.16,CA,1661489574
248,Zhigansk,66.7697,123.3711,57.09,48,46,15.99,RU,1661489575
249,Nelson Bay,-32.7167,152.15,62.1,84,92,5.99,AU,1661489575
250,Acapulco de Juárez,16.8634,-99.8901,79.61,85,95,3.67,MX,1661489550
251,Ayacucho,-13.1583,-74.2239,51.89,66,0,3.02,PE,1661489576
252,Wajima,37.4,136.9,79.48,78,75,3.44,JP,1661489576
253,Guerrero Negro,27.9769,-114.0611,72.45,83,6,12.97,MX,1661489493
254,Haines Junction,60.7522,-137.5108,47.46,86,39,5.57,CA,1661489577
255,Smithers,54.7804,-127.1743,71.92,60,40,0.0,CA,1661489577
256,Laguna,38.421,-121.4238,80.31,51,0,9.22,US,1661489577
257,Sainte-Marie,-20.8968,55.5496,74.41,61,12,18.41,RE,1661489578
258,Lewistown,40.5992,-77.5714,72.64,100,20,0.0,US,1661489578
259,Broken Hill,-31.95,141.4333,58.32,47,94,6.73,AU,1661489579
260,Monmouth,40.3001,-74.1663,78.84,72,0,5.75,US,1661489579
261,Mandalgovi,45.7625,106.2708,58.95,35,0,6.53,MN,1661489579
262,Oranjemund,-28.55,16.4333,51.33,87,0,5.64,NA,1661489580
263,Caniço,32.6333,-16.85,72.23,80,40,9.22,PT,1661489580
264,Torbay,47.6666,-52.7314,68.4,93,100,12.66,CA,1661489581
265,Port Augusta,-32.5,137.7667,60.98,52,100,3.51,AU,1661489581
266,Praia da Vitória,38.7333,-27.0667,68.76,94,40,5.79,PT,1661489581
267,Kumul,42.8,93.45,86.04,18,100,14.0,CN,1661489582
268,Talnakh,69.4865,88.3972,43.21,60,93,9.26,RU,1661489582
269,San Miguel,13.4833,-88.1833,73.67,97,99,1.88,SV,1661489582
270,Arman',59.7,150.1667,68.02,66,100,5.12,RU,1661489583
271,Pandan,14.0453,124.1694,82.24,80,100,10.76,PH,1661489583
272,Kaitangata,-46.2817,169.8464,49.5,69,0,2.66,NZ,1661489584
273,Riviere-au-Renard,48.9957,-64.3971,48.49,59,44,8.34,CA,1661489584
274,Mokhsogollokh,61.4681,128.9203,59.29,47,43,4.5,RU,1661489584
275,Takoradze,4.8845,-1.7554,73.92,91,99,6.22,GH,1661489585
276,Mossamedes,-15.1961,12.1522,59.43,89,21,1.77,AO,1661489585
277,Dingle,10.9995,122.6711,85.84,70,83,8.66,PH,1661489586
278,San Policarpo,12.1791,125.5072,83.12,73,100,10.11,PH,1661489586
279,Belmonte,-15.8631,-38.8828,69.89,88,54,4.41,BR,1661489587
280,Kumano,34.3442,132.5894,83.93,56,56,7.63,JP,1661489587
281,Coyhaique,-45.5752,-72.0662,42.75,81,100,10.36,CL,1661489587
282,Yuancheng,36.652,107.7896,75.04,44,84,9.13,CN,1661489588
283,Aksu,41.1231,80.2644,76.06,37,100,4.21,CN,1661489588
284,Alofi,-19.0595,-169.9187,76.89,73,5,13.8,NU,1661489413
285,Mendi,-6.1761,143.6513,62.55,93,74,3.22,PG,1661489589
286,Leningradskiy,69.3833,178.4167,37.13,97,100,4.32,RU,1661489589
287,Port Hueneme,34.1478,-119.1951,76.78,93,100,5.99,US,1661489589
288,Pittsburg,38.028,-121.8847,67.14,75,0,9.22,US,1661489354
289,Comodoro Rivadavia,-45.8667,-67.5,53.46,37,0,29.93,AR,1661489590
290,Altamont,42.2068,-121.7372,65.37,61,0,6.6,US,1661489590
291,Barra de Tecoanapa,16.5167,-98.75,78.3,85,67,5.17,MX,1661489591
292,Hillsborough,37.5741,-122.3794,64.2,91,100,11.5,US,1661489591
293,Ambilobe,-13.2,49.05,75.4,37,6,7.99,MG,1661489592
294,Port Blair,11.6667,92.75,83.98,74,100,9.84,IN,1661489376
295,San Angelo,31.4638,-100.437,83.53,50,57,5.99,US,1661489593
296,Corinth,37.9407,22.9573,73.89,71,15,1.83,GR,1661489593
297,Bogorodskoye,56.55,37.8833,72.63,49,89,5.99,RU,1661489594
298,Beaverlodge,55.2166,-119.4361,70.95,46,79,5.88,CA,1661489594
299,Russell,32.3502,-85.1999,74.43,94,75,0.0,US,1661489350
300,Stornoway,58.2093,-6.3865,49.93,94,75,3.44,GB,1661489594
301,Beloha,-25.1667,45.05,69.31,54,0,6.78,MG,1661489595
302,Polyarny,69.1989,33.4478,56.61,76,98,11.23,RU,1661489595
303,Provideniya,64.3833,-173.3,48.36,100,100,11.18,RU,1661489596
304,Dabakala,8.3667,-4.4333,70.23,93,100,3.71,CI,1661489596
305,Portland,45.5234,-122.6762,80.58,63,0,9.22,US,1661489555
306,Padang,-0.9492,100.3543,84.25,74,58,7.81,ID,1661489597
307,George Town,5.4112,100.3354,87.73,70,20,9.22,MY,1661489597
308,Jiexiu,37.0244,111.9125,82.8,37,81,5.08,CN,1661489597
309,Ca Mau,9.1769,105.15,91.62,52,98,12.3,VN,1661489598
310,Wanning,18.8003,110.3967,83.66,86,96,14.83,CN,1661489598
311,Rawson,-43.3002,-65.1023,49.1,50,35,12.21,AR,1661489599
312,Port Macquarie,-31.4333,152.9167,62.89,68,39,11.81,AU,1661489537
313,Codrington,-38.2667,141.9667,52.05,74,100,5.41,AU,1661489599
314,Iberia,29.9502,-91.7507,76.96,86,100,4.7,US,1661489599
315,Kiama,-34.6833,150.8667,62.26,67,81,13.56,AU,1661489600
316,Ahipara,-35.1667,173.1667,58.89,92,33,12.66,NZ,1661489600
317,Bandarbeyla,9.4942,50.8122,81.14,60,0,28.61,SO,1661489601
318,Quryq,43.2,51.65,81.61,19,0,15.23,KZ,1661489601
319,Prabumulih,-3.45,104.25,87.69,53,100,4.09,ID,1661489602
320,Sharjah city,25.3573,55.4033,94.98,18,0,3.44,AE,1661489602
321,Villavicencio,4.142,-73.6266,70.75,87,66,4.25,CO,1661489467
322,Karpogory,64.0019,44.4451,54.07,79,22,3.67,RU,1661489603
323,Spring Hill,28.4769,-82.5255,77.23,98,20,0.0,US,1661489505
324,Tautira,-17.7333,-149.15,74.07,76,100,9.13,PF,1661489603
325,Biak,-0.9131,122.8766,77.81,83,100,9.4,ID,1661489604
326,Qingyuan,23.7,113.0333,93.18,67,90,7.63,CN,1661489604
327,Port Hawkesbury,45.6169,-61.3485,67.59,99,75,3.44,CA,1661489604
328,Klyuchevskiy,53.5317,119.4519,59.9,45,86,7.83,RU,1661489605
329,Piaçabuçu,-10.4056,-36.4344,71.17,83,99,8.93,BR,1661489605
330,Cleveland,41.4995,-81.6954,72.7,80,0,5.75,US,1661489527
331,Kavaratti,10.5669,72.642,81.25,76,73,19.46,IN,1661489606
332,Edson,53.5835,-116.4356,64.54,77,0,1.14,CA,1661489606
333,Rock Sound,24.9,-76.2,83.16,73,61,8.28,BS,1661489606
334,Mayo,38.8876,-76.5119,78.94,85,0,3.44,US,1661489607
335,San Quintín,30.4833,-115.95,71.4,85,1,8.77,MX,1661489607
336,Pontal do Paraná,-25.6533,-48.5128,61.75,94,11,1.88,BR,1661489535
337,Tiksi,71.6872,128.8694,51.66,57,78,7.36,RU,1661489608
338,Norman Wells,65.282,-126.8329,60.84,88,75,2.3,CA,1661489608
339,Swellendam,-34.0226,20.4417,45.55,86,47,2.46,ZA,1661489609
340,Yelizovo,53.1873,158.3805,71.74,46,20,11.18,RU,1661489609
341,Saskylakh,71.9167,114.0833,52.14,74,100,7.18,RU,1661489610
342,Zeya,53.75,127.2667,67.08,38,65,8.68,RU,1661489610
343,Bambanglipuro,-7.95,110.2833,82.4,70,49,16.11,ID,1661489610
344,Bolshoy Lug,52.0779,104.0919,66.38,35,25,4.29,RU,1661489611
345,Turukhansk,65.8167,87.9833,43.66,56,100,11.05,RU,1661489611
346,Aykhal,66.0,111.5,56.46,64,100,17.96,RU,1661489612
347,Tahe,52.3333,124.7333,64.38,41,56,9.17,CN,1661489612
348,Beringovskiy,63.05,179.3167,50.16,94,100,8.9,RU,1661489612
349,Ürümqi,43.801,87.6005,70.75,31,0,2.24,CN,1661489521
350,Chalmette,29.9427,-89.9634,79.0,84,0,5.75,US,1661489613
351,‘Ewa Beach,21.3156,-158.0072,81.99,76,100,11.01,US,1661489613
352,Kiryat Gat,31.61,34.7642,83.08,100,7,9.04,IL,1661489614
353,Hidrolândia,-4.4081,-40.4378,76.66,58,92,3.2,BR,1661489614
354,Slyudyanka,51.6594,103.7061,65.53,49,4,2.98,RU,1661489615
355,Mazatlán,23.2167,-106.4167,87.03,88,96,3.0,MX,1661489403
356,Buchanan,5.8808,-10.0467,74.84,85,97,5.44,LR,1661489615
357,Mopti,14.6667,-4.0,80.49,71,100,6.82,ML,1661489616
358,Hūn,29.1268,15.9477,76.5,57,0,4.09,LY,1661489616
359,Panama City,8.9936,-79.5197,78.44,91,75,3.44,PA,1661489616
360,Springbok,-29.6643,17.8865,39.78,93,20,3.44,ZA,1661489617
361,Samaná,19.2056,-69.3369,78.26,87,9,5.82,DO,1661489617
362,Fairbanks,64.8378,-147.7164,66.2,66,75,0.0,US,1661489617
363,Mount Gambier,-37.8333,140.7667,53.4,70,100,2.91,AU,1661489339
364,Quito,-0.2299,-78.5249,47.35,89,32,1.88,EC,1661489558
365,Cayenne,4.9333,-52.3333,73.44,94,40,0.0,GF,1661489618
366,Snyder,32.7179,-100.9176,79.14,47,0,5.75,US,1661489568
367,Lagoa,39.05,-27.9833,71.69,76,51,5.75,PT,1661489619
368,Morinville,53.8001,-113.652,70.48,63,0,6.91,CA,1661489619
369,Honiara,-9.4333,159.95,82.45,79,57,7.47,SB,1661489619
370,Provincie Utrecht,52.0,5.25,68.52,88,100,4.0,NL,1661489546
371,Ghanaur,30.3322,76.6072,90.32,57,8,5.97,IN,1661489620
372,San Cristobal,7.7669,-72.225,73.58,94,58,2.66,VE,1661489621
373,Staraya Poltavka,50.4772,46.4814,80.44,27,16,7.49,RU,1661489621
374,Kysyl-Syr,63.8986,122.7617,58.1,62,71,8.79,RU,1661489621
375,Ayan,56.45,138.1667,57.29,64,36,2.77,RU,1661489622
376,Meulaboh,4.1363,96.1285,76.64,88,100,4.12,ID,1661489622
377,Solenzo,12.1833,-4.0833,72.54,93,98,6.78,BF,1661489622
378,Ati,13.2154,18.3353,76.24,85,98,2.24,TD,1661489623
379,Lima,-12.0432,-77.0282,57.9,88,100,4.61,PE,1661489623
380,Lüderitz,-26.6481,15.1594,52.41,77,0,11.77,NA,1661489624
381,Katsuura,35.1333,140.3,86.02,78,64,11.77,JP,1661489624
382,Pustoshka,56.3355,29.369,64.56,89,64,4.41,RU,1661489624
383,Xiaolan,22.6731,113.2295,88.32,67,92,8.99,CN,1661489625
384,Korla,41.7597,86.1469,81.52,16,100,10.6,CN,1661489625
385,Maltahöhe,-24.8333,16.9833,49.37,48,0,6.96,NA,1661489626
386,Adelaide,-34.9333,138.6,61.92,70,75,8.05,AU,1661489364
387,Halifax,44.6453,-63.5724,68.0,94,1,5.75,CA,1661489418
388,Kisanga,-7.4362,37.7034,72.5,75,15,1.45,TZ,1661489626
389,Ancud,-41.8697,-73.8203,48.22,95,100,10.25,CL,1661489627
390,São João da Barra,-21.6403,-41.0511,70.34,87,88,8.79,BR,1661489507
391,Verkhnetulomskiy,68.6073,31.7962,48.33,74,86,5.53,RU,1661489627
392,Tessalit,20.1986,1.0114,80.15,58,93,11.3,ML,1661489628
393,Yangi Marg`ilon,40.4272,71.7189,79.52,27,51,11.5,UZ,1661489628
394,Nanortalik,60.1432,-45.2371,43.83,95,100,11.14,GL,1661489628
395,Ukhta,63.5671,53.6835,49.57,86,97,6.67,RU,1661489539
396,Umuarama,-23.7664,-53.325,63.05,60,0,4.43,BR,1661489629
397,Richards Bay,-28.783,32.0377,66.27,75,100,20.8,ZA,1661489629
398,Lisala,2.15,21.5167,67.5,98,100,1.54,CD,1661489630
399,Avera,33.194,-82.5271,74.71,91,100,1.34,US,1661489630
400,Dauphin,51.1494,-100.0502,66.34,82,0,9.22,CA,1661489631
401,Aswān,24.0934,32.907,83.5,36,0,6.91,EG,1661489631
402,Viedma,-40.8135,-62.9967,44.64,46,0,10.58,AR,1661489631
403,Itigi,-5.7,34.4833,61.7,69,9,10.76,TZ,1661489632
404,Palmer,42.1584,-72.3287,73.81,81,0,0.0,US,1661489632
405,Cristalina,-16.7686,-47.6136,59.27,48,5,4.74,BR,1661489470
406,Bintulu,3.1667,113.0333,88.21,74,40,4.61,MY,1661489627
407,Viseu,40.661,-7.9097,64.85,80,3,7.02,PT,1661489633
408,Derzhavīnsk,51.1,66.3167,73.81,45,0,5.14,KZ,1661489633
409,Praia,14.9215,-23.5087,79.34,89,20,8.05,CV,1661489633
410,Qingquan,30.4511,115.2559,91.2,62,87,6.8,CN,1661489634
411,Bathsheba,13.2167,-59.5167,83.01,83,40,10.36,BB,1661489634
412,Skibbereen,51.55,-9.2667,54.1,86,3,8.25,IE,1661489635
413,Nacala,-14.5428,40.6728,75.0,67,11,7.52,MZ,1661489635
414,Olafsvik,64.8945,-23.7142,47.77,58,6,9.01,IS,1661489635
415,Iskateley,67.6803,53.1512,51.42,74,83,14.83,RU,1661489636
416,Cabinda,-5.55,12.2,71.96,93,80,4.85,AO,1661489636
417,Dickinson,29.4608,-95.0513,82.94,90,75,4.61,US,1661489636
418,Narsaq,60.9167,-46.05,44.65,98,100,1.7,GL,1661489637
419,Prince Rupert,54.3161,-130.3201,60.49,96,100,8.05,CA,1661489408
420,Boshnyakovo,49.6333,142.1667,67.26,66,8,11.79,RU,1661489637
421,Linjiang,41.8069,126.9078,71.49,50,28,9.6,CN,1661489638
422,Loukhi,66.0764,33.0381,59.18,64,82,4.41,RU,1661489638
423,Juneau,58.3019,-134.4197,56.98,100,100,2.46,US,1661489605
424,Sawtell,-30.3833,153.1,66.22,63,50,13.8,AU,1661489639
425,Mareeba,-17.0,145.4333,76.44,65,70,8.05,AU,1661489639
426,Hay River,60.8156,-115.7999,73.38,64,75,8.05,CA,1661489639
427,Itatiaia,-22.4961,-44.5633,61.32,83,36,1.01,BR,1661489640
428,Sinnamary,5.3833,-52.95,77.27,86,7,7.11,GF,1661489640
429,Illapel,-31.6308,-71.1653,58.86,69,66,1.81,CL,1661489641
430,Severnyy,50.677,36.5532,66.24,59,0,8.95,RU,1661489641
431,Kamiiso,41.8167,140.65,73.78,73,75,5.75,JP,1661489641
432,Charter Township of Clinton,42.587,-82.9199,73.72,89,0,6.91,US,1661489443
433,Lødingen,68.414,15.9951,57.34,73,88,8.21,NO,1661489642
434,Gravdal,68.1214,13.5031,53.49,100,0,3.44,NO,1661489642
435,Kuzhithurai,8.3167,77.1833,83.88,63,93,12.39,IN,1661489643
436,Buala,-8.145,159.5921,82.71,74,44,8.57,SB,1661489643
437,Shimoda,34.6667,138.95,87.1,80,98,7.65,JP,1661489644
438,Kholtoson,50.2981,103.3097,62.2,45,9,5.7,RU,1661489644
439,Mackenzie,55.2999,-123.1698,70.02,64,40,0.0,CA,1661489644
440,Kulhudhuffushi,6.6221,73.07,81.34,77,100,17.72,MV,1661489645
441,Banikoara,11.2985,2.4386,70.83,99,100,1.43,BJ,1661489645
442,Yichun,47.7,128.9,64.26,42,11,12.12,CN,1661489646
443,Darnah,32.767,22.6367,76.82,72,0,8.23,LY,1661489646
444,Nemuro,43.3236,145.575,62.42,92,100,13.29,JP,1661489647
445,Sechura,-5.5569,-80.8222,62.58,84,3,7.67,PE,1661489647
446,Cheremnoye,53.1697,83.2133,66.79,42,72,7.49,RU,1661489647
447,Mindelo,16.8901,-24.9804,80.15,78,40,4.61,CV,1661489648
448,Jinchang,38.4953,102.1739,67.5,52,100,10.33,CN,1661489648
449,Thongwa,16.7619,96.5278,84.36,92,100,12.26,MM,1661489648
450,Druskininkai,54.0167,23.9667,66.65,71,84,4.36,LT,1661489649
451,Manzanillo,20.3433,-77.1167,76.96,89,90,6.42,CU,1661489649
452,Arrondissement de Mont-de-Marsan,44.0,-0.6667,69.28,86,0,4.61,FR,1661489650
453,Vardø,70.3705,31.1107,53.58,82,20,19.57,NO,1661489650
454,Coquimbo,-29.9533,-71.3436,53.33,100,100,3.44,CL,1661489651
455,Whittlesea,-32.1759,26.8244,47.43,91,85,4.43,ZA,1661489651
456,Rach Gia,10.0167,105.0833,87.22,68,100,13.73,VN,1661489651
457,Sistranda,63.7256,8.834,64.36,90,63,5.86,NO,1661489652
458,Qasigiannguit,68.8193,-51.1922,38.46,91,100,8.32,GL,1661489652
459,Kiruna,67.8557,20.2251,52.72,94,0,5.75,SE,1661489653
460,Itupiranga,-5.1347,-49.3267,77.32,73,55,3.89,BR,1661489653
461,Avallon,47.4833,3.9,64.38,97,100,4.03,FR,1661489653
462,Kuusamo,65.9667,29.1833,50.04,100,0,1.14,FI,1661489654
463,Madang,-5.2246,145.7966,84.61,67,75,9.13,PG,1661489654
464,Lázaro Cárdenas,17.9583,-102.2,79.77,85,85,3.22,MX,1661489655
465,Kuytun,54.3419,101.5036,62.02,58,52,4.34,RU,1661489655
466,Jumla,29.2747,82.1838,76.19,56,17,5.73,NP,1661489655
467,Muroto-misakicho,33.2833,134.15,83.03,73,67,7.7,JP,1661489656
468,Cravo Norte,6.3017,-70.2041,75.22,87,25,4.97,CO,1661489656
469,Columbus,39.9612,-82.9988,72.81,85,100,3.44,US,1661489512
470,Ugoofaaru,5.6667,73.0,81.46,77,100,16.73,MV,1661489657
471,Chimoré,-16.9833,-65.1333,73.17,54,66,2.26,BO,1661489657
472,Lyuban',52.7985,28.0048,68.45,54,89,4.63,BY,1661489658
473,Le Port,-20.9373,55.2919,74.25,50,4,2.46,RE,1661489658
474,Byron Bay,-28.65,153.6167,68.7,59,2,10.22,AU,1661489659
475,Shirokiy,49.758,129.523,59.07,83,100,11.03,RU,1661489659
476,Bowen,-20.0167,148.2333,71.15,61,66,19.1,AU,1661489538
477,Port Hardy,50.6996,-127.4199,59.18,88,20,2.3,CA,1661489660
478,Porto-Novo,6.4965,2.6036,76.82,89,100,6.98,BJ,1661489432
479,Inuvik,68.3499,-133.7218,58.06,88,40,4.61,CA,1661489660
480,Paka,4.6374,103.4368,82.13,74,100,10.04,MY,1661489661
481,Quepos,9.4236,-84.1652,76.41,88,100,2.66,CR,1661489661
482,Lodi,38.1302,-121.2725,78.73,57,0,1.99,US,1661489661
483,Maragogi,-9.0122,-35.2225,71.53,80,100,10.07,BR,1661489493
484,Payo,-3.7508,103.6372,88.72,50,98,3.24,ID,1661489662
485,Yeruham,30.9872,34.9314,74.53,77,3,12.08,IL,1661489662
486,Markovo,57.3206,107.0881,58.28,88,100,11.39,RU,1661489663
487,Indian Harbour Beach,28.1489,-80.5884,83.01,87,0,5.75,US,1661489663
488,Snåase,64.2457,12.3778,67.41,80,63,6.44,NO,1661489663
489,Departamento de Maldonado,-34.6667,-54.9167,54.23,96,47,5.23,UY,1661489664
490,Sorong,-0.8833,131.25,81.97,77,12,2.93,ID,1661489664
491,La Paz,-16.5,-68.15,35.58,74,28,4.61,BO,1661489537
492,Vestmannaeyjar,63.4427,-20.2734,46.69,77,52,23.58,IS,1661489665
493,Sioux Lookout,50.1001,-91.917,57.27,94,100,2.3,CA,1661489665
494,Marsá Maţrūḩ,31.3525,27.2453,77.45,68,0,3.11,EG,1661489655
495,Tegul'det,57.3064,88.1667,61.7,52,34,6.62,RU,1661489666
496,Westport,41.1415,-73.3579,77.76,78,100,6.35,US,1661489633
497,Tripoli,32.8752,13.1875,78.85,65,0,7.58,LY,1661489666
498,Upata,8.0086,-62.3989,74.19,95,100,1.63,VE,1661489667
499,Levice,48.2156,18.6071,71.49,69,30,4.54,SK,1661489667
500,Xingcheng,40.6167,120.7167,75.72,44,100,10.85,CN,1661489667
501,Anloga,5.7947,0.8973,74.39,91,100,11.03,GH,1661489668
502,Verkhnevilyuysk,63.4453,120.3167,56.86,71,95,9.64,RU,1661489668
503,Hollins,37.3413,-79.9431,73.89,95,58,3.76,US,1661489669
504,Jiblah,13.9216,44.1467,70.68,47,18,4.43,YE,1661489669
505,Willowmore,-33.2926,23.4895,46.22,84,42,3.87,ZA,1661489669
506,Tabat,-2.635,115.2274,84.63,76,76,2.26,ID,1661489670
507,Ust'-Uda,54.1742,103.0304,65.84,53,73,7.99,RU,1661489670
508,Puerto Escondido,15.85,-97.0667,78.93,83,100,4.14,MX,1661489670
509,Calabozo,8.9242,-67.4293,74.55,89,98,0.31,VE,1661489671
510,Valle Hermoso,25.6667,-97.8333,82.89,73,92,9.42,MX,1661489671
511,Bar Harbor,44.3876,-68.2039,68.27,87,100,3.0,US,1661489672
512,Icod de los Vinos,28.3724,-16.7119,72.55,56,1,11.79,ES,1661489672
513,Cururupu,-1.8283,-44.8683,73.06,97,50,3.4,BR,1661489672
514,Cochrane,51.1834,-114.4687,65.44,70,0,4.61,CA,1661489513
515,Pangai,-19.8,-174.35,78.91,69,20,10.36,TO,1661489673
516,Buraidah,26.326,43.975,81.05,13,69,10.71,SA,1661489673
517,Mahina,-17.5065,-149.489,71.37,83,75,4.61,PF,1661489674
518,Dicabisagan,17.0818,122.4157,87.64,66,95,5.28,PH,1661489674
519,Nurota,40.5614,65.6886,78.84,17,0,13.42,UZ,1661489675
520,Antofagasta,-23.65,-70.4,56.48,84,35,1.21,CL,1661489675
521,Feicheng,35.2606,117.9675,82.87,57,38,4.14,CN,1661489675
522,Vao,-22.6667,167.4833,70.81,81,95,18.54,NC,1661489676
523,Zyryanka,65.75,150.85,59.23,41,7,9.48,RU,1661489676
524,Yumen,40.2833,97.2,81.99,24,73,24.65,CN,1661489676
525,Banda Aceh,5.5577,95.3222,78.51,84,100,14.83,ID,1661489677
526,‘Āhuimanu,21.4447,-157.8378,81.75,77,100,8.05,US,1661489677
527,Srednekolymsk,67.45,153.6833,49.28,66,99,10.09,RU,1661489678
528,Margate,51.3813,1.3862,62.31,84,81,5.01,GB,1661489678
529,Amurzet,47.6967,131.0981,68.52,43,33,11.21,RU,1661489678
530,Umm Kaddadah,13.6017,26.6876,79.74,57,99,8.21,SD,1661489679
531,Līsakovsk,52.5369,62.4936,74.32,58,11,5.99,KZ,1661489679
532,Budišov nad Budišovkou,49.7951,17.6297,61.81,82,39,2.75,CZ,1661489680
533,Mórrope,-6.5417,-80.0111,61.88,86,2,8.3,PE,1661489680
534,São Geraldo do Araguaia,-6.4006,-48.555,81.05,42,92,3.31,BR,1661489594
535,Atikokan,48.7555,-91.6216,57.61,71,38,2.24,CA,1661489680
536,Verkhoyansk,67.5447,133.385,59.05,50,94,6.11,RU,1661489681
537,Butajīra,8.1167,38.3667,59.85,81,46,1.66,ET,1661489681
538,Ṭikāpur,28.5,81.1333,89.13,66,3,3.94,NP,1661489682
539,Feijó,-8.1642,-70.3536,75.72,54,48,1.61,BR,1661489590
540,Caucaia,-3.7361,-38.6531,78.04,65,20,11.5,BR,1661489682
541,Lhokseumawe,5.1801,97.1507,80.64,76,100,1.54,ID,1661489682
542,Harper,4.375,-7.7169,76.93,83,100,5.3,LR,1661489683
543,Berlevåg,70.8578,29.0864,62.6,59,75,17.27,NO,1661489683
544,Kunshan,31.3776,120.9543,84.09,71,100,3.76,CN,1661489684
545,Namatanai,-3.6667,152.4333,84.56,67,18,10.02,PG,1661489684
546,Rexburg,43.826,-111.7897,66.0,38,68,5.19,US,1661489684
547,Coahuayana Viejo,18.7333,-103.6833,78.85,88,99,1.7,MX,1661489685
548,Tamworth,52.634,-1.6959,53.56,90,70,0.83,GB,1661489685
